Workbook

Sheet Monthly Data
A1: Cuisine | B1: Month | C1: Order_count | D1: Total_revenue | E1: Avg_revenue
A2: Chinese | B2: 2026-01 | C2: 16 | D2: 24583 | E2: 1536.4375
A3: Chinese | B3: 2026-02 | C3: 16 | D3: 20381 | E3: 1273.8125
A4: Chinese | B4: 2026-03 | C4: 16 | D4: 20273 | E4: 1267.0625
A5: Chinese | B5: 2026-04 | C5: 15 | D5: 18695 | E5: 1246.3333
A6: Chinese | B6: 2026-05 | C6: 10 | D6: 14677 | E6: 1467.7
A7: Chinese | B7: 2026-06 | C7: 18 | D7: 29231 | E7: 1623.9444
A8: Desserts | B8: 2026-01 | C8: 3 | D8: 5706 | E8: 1902
A9: Desserts | B9: 2026-02 | C9: 3 | D9: 3953 | E9: 1317.6667
A10: Desserts | B10: 2026-03 | C10: 2 | D10: 2809 | E10: 1404.5
A11: Desserts | B11: 2026-05 | C11: 4 | D11: 5633 | E11: 1408.25
A12: Desserts | B12: 2026-06 | C12: 1 | D12: 1593 | E12: 1593
A13: Fast Food | B13: 2026-01 | C13: 10 | D13: 10499 | E13: 1049.9
... A35: South Indian | B35: 2026-06 | C35: 10 | D35: 12834 | E35: 1283.4

Sheet Cuisine Targets
A1: Cuisine | B1: Target_revenue_inr
A2: North Indian | B2: 180000
A3: South Indian | B3: 50000
A4: Chinese | B4: 140000
A5: Italian | B5: 10000
A6: Fast Food | B6: 60000
A7: Desserts | B7: 25000

Sheet Pivot Table
A1: Cuisine | B1: Sum of total_revenue | C1: Sum of order_count
A2: North Indian | B2: =SUMIF('Monthly Data'!$A$2:$A$35,A2,'Monthly Data'!$D$2:$D$35) -> 216297 | C2: =SUMIF('Monthly Data'!$A$2:$A$35,A2,'Monthly Data'!$C$2:$C$35) -> 154
A3: South Indian | B3: =SUMIF('Monthly Data'!$A$2:$A$35,A3,'Monthly Data'!$D$2:$D$35) -> 63417 | C3: =SUMIF('Monthly Data'!$A$2:$A$35,A3,'Monthly Data'!$C$2:$C$35) -> 47
A4: Chinese | B4: =SUMIF('Monthly Data'!$A$2:$A$35,A4,'Monthly Data'!$D$2:$D$35) -> 127840 | C4: =SUMIF('Monthly Data'!$A$2:$A$35,A4,'Monthly Data'!$C$2:$C$35) -> 91
A5: Italian | B5: =SUMIF('Monthly Data'!$A$2:$A$35,A5,'Monthly Data'!$D$2:$D$35) -> 14735 | C5: =SUMIF('Monthly Data'!$A$2:$A$35,A5,'Monthly Data'!$C$2:$C$35) -> 11
A6: Fast Food | B6: =SUMIF('Monthly Data'!$A$2:$A$35,A6,'Monthly Data'!$D$2:$D$35) -> 55123 | C6: =SUMIF('Monthly Data'!$A$2:$A$35,A6,'Monthly Data'!$C$2:$C$35) -> 42
A7: Desserts | B7: =SUMIF('Monthly Data'!$A$2:$A$35,A7,'Monthly Data'!$D$2:$D$35) -> 19694 | C7: =SUMIF('Monthly Data'!$A$2:$A$35,A7,'Monthly Data'!$C$2:$C$35) -> 13
A8: Grand Total | B8: =SUM(B2:B7) -> 497106 | C8: =SUM(C2:C7) -> 358

Sheet Cuisine Summary
A1: cuisine | B1: total_revenue (from Pivot) | C1: target_revenue_inr (VLOOKUP) | D1: variance | E1: percentage_variance | F1: status | G1: Part A SQL total (Task 5c) | H1: Matches Part A SQL total
A2: North Indian | B2: ='Pivot Table'!B2 -> 216297 | C2: =VLOOKUP(A2,'Cuisine Targets'!$A$2:$B$7,2,FALSE()) -> 180000 | D2: =C2-B2 -> -36297 | E2: =((B2-C2)/C2)*100 -> 20.165 | F2: =IF(B2>=C2,"Above Target",IF(((C2-B2)/C2)*100<=15,"Below Target - Watch","Below Target - Critical")) -> Above Target | G2: 216297 | H2: =IF(B2=G2,"Yes","No - MISMATCH") -> Yes
A3: South Indian | B3: ='Pivot Table'!B3 -> 63417 | C3: =VLOOKUP(A3,'Cuisine Targets'!$A$2:$B$7,2,FALSE()) -> 50000 | D3: =C3-B3 -> -13417 | E3: =((B3-C3)/C3)*100 -> 26.834 | F3: =IF(B3>=C3,"Above Target",IF(((C3-B3)/C3)*100<=15,"Below Target - Watch","Below Target - Critical")) -> Above Target | G3: 63417 | H3: =IF(B3=G3,"Yes","No - MISMATCH") -> Yes
A4: Chinese | B4: ='Pivot Table'!B4 -> 127840 | C4: =VLOOKUP(A4,'Cuisine Targets'!$A$2:$B$7,2,FALSE()) -> 140000 | D4: =C4-B4 -> 12160 | E4: =((B4-C4)/C4)*100 -> -8.6857143 | F4: =IF(B4>=C4,"Above Target",IF(((C4-B4)/C4)*100<=15,"Below Target - Watch","Below Target - Critical")) -> Below Target - Watch | G4: 127840 | H4: =IF(B4=G4,"Yes","No - MISMATCH") -> Yes
A5: Italian | B5: ='Pivot Table'!B5 -> 14735 | C5: =VLOOKUP(A5,'Cuisine Targets'!$A$2:$B$7,2,FALSE()) -> 10000 | D5: =C5-B5 -> -4735 | E5: =((B5-C5)/C5)*100 -> 47.35 | F5: =IF(B5>=C5,"Above Target",IF(((C5-B5)/C5)*100<=15,"Below Target - Watch","Below Target - Critical")) -> Above Target | G5: 14735 | H5: =IF(B5=G5,"Yes","No - MISMATCH") -> Yes
A6: Fast Food | B6: ='Pivot Table'!B6 -> 55123 | C6: =VLOOKUP(A6,'Cuisine Targets'!$A$2:$B$7,2,FALSE()) -> 60000 | D6: =C6-B6 -> 4877 | E6: =((B6-C6)/C6)*100 -> -8.1283333 | F6: =IF(B6>=C6,"Above Target",IF(((C6-B6)/C6)*100<=15,"Below Target - Watch","Below Target - Critical")) -> Below Target - Watch | G6: 55123 | H6: =IF(B6=G6,"Yes","No - MISMATCH") -> Yes
A7: Desserts | B7: ='Pivot Table'!B7 -> 19694 | C7: =VLOOKUP(A7,'Cuisine Targets'!$A$2:$B$7,2,FALSE()) -> 25000 | D7: =C7-B7 -> 5306 | E7: =((B7-C7)/C7)*100 -> -21.224 | F7: =IF(B7>=C7,"Above Target",IF(((C7-B7)/C7)*100<=15,"Below Target - Watch","Below Target - Critical")) -> Below Target - Critical | G7: 19694 | H7: =IF(B7=G7,"Yes","No - MISMATCH") -> Yes
A9: Note: 'Part A SQL total' column is sourced from 03_reporting.sql, Task 5(c) derived-fields query output (run against swiggy_capstone.db).
